{
  "annotations": {
    "list": []
  },
  "editable": true,
  "fiscalYearStartMonth": 0,
  "graphTooltip": 0,
  "id": null,
  "links": [],
  "liveNow": false,
  "panels": [
    {
      "datasource": {
        "type": "prometheus",
        "uid": "prometheus"
      },
      "fieldConfig": {
        "defaults": {
          "color": {
            "mode": "palette-classic"
          },
          "mappings": [],
          "thresholds": {
            "mode": "absolute",
            "steps": [
              {"color": "red", "value": null},
              {"color": "yellow", "value": 0},
              {"color": "green", "value": 0.1}
            ]
          },
          "unit": "percentunit"
        }
      },
      "gridPos": {"h": 4, "w": 6, "x": 0, "y": 0},
      "id": 1,
      "options": {
        "colorMode": "value",
        "graphMode": "area",
        "justifyMode": "auto",
        "orientation": "auto",
        "reduceOptions": {
          "calcs": ["lastNotNull"],
          "fields": "",
          "values": false
        },
        "textMode": "auto"
      },
      "title": "Cumulative Return",
      "type": "stat"
    },
    {
      "datasource": {
        "type": "prometheus",
        "uid": "prometheus"
      },
      "fieldConfig": {
        "defaults": {
          "mappings": [],
          "thresholds": {
            "mode": "absolute",
            "steps": [
              {"color": "red", "value": null},
              {"color": "yellow", "value": 0.5},
              {"color": "green", "value": 1}
            ]
          },
          "unit": "none"
        }
      },
      "gridPos": {"h": 4, "w": 6, "x": 6, "y": 0},
      "id": 2,
      "options": {
        "colorMode": "value",
        "graphMode": "area",
        "justifyMode": "auto",
        "orientation": "auto",
        "reduceOptions": {
          "calcs": ["lastNotNull"],
          "fields": "",
          "values": false
        }
      },
      "title": "Sharpe Ratio",
      "type": "stat"
    },
    {
      "datasource": {
        "type": "prometheus",
        "uid": "prometheus"
      },
      "fieldConfig": {
        "defaults": {
          "mappings": [],
          "thresholds": {
            "mode": "absolute",
            "steps": [
              {"color": "green", "value": null},
              {"color": "yellow", "value": -0.1},
              {"color": "red", "value": -0.2}
            ]
          },
          "unit": "percentunit"
        }
      },
      "gridPos": {"h": 4, "w": 6, "x": 12, "y": 0},
      "id": 3,
      "options": {
        "colorMode": "value",
        "graphMode": "area",
        "justifyMode": "auto",
        "orientation": "auto",
        "reduceOptions": {
          "calcs": ["lastNotNull"],
          "fields": "",
          "values": false
        }
      },
      "title": "Max Drawdown",
      "type": "stat"
    },
    {
      "datasource": {
        "type": "prometheus",
        "uid": "prometheus"
      },
      "fieldConfig": {
        "defaults": {
          "mappings": [],
          "thresholds": {
            "mode": "absolute",
            "steps": [
              {"color": "red", "value": null},
              {"color": "yellow", "value": 0.4},
              {"color": "green", "value": 0.55}
            ]
          },
          "unit": "percentunit"
        }
      },
      "gridPos": {"h": 4, "w": 6, "x": 18, "y": 0},
      "id": 4,
      "options": {
        "colorMode": "value",
        "graphMode": "area",
        "justifyMode": "auto",
        "orientation": "auto",
        "reduceOptions": {
          "calcs": ["lastNotNull"],
          "fields": "",
          "values": false
        }
      },
      "title": "Win Rate",
      "type": "stat"
    },
    {
      "datasource": {
        "type": "prometheus",
        "uid": "prometheus"
      },
      "fieldConfig": {
        "defaults": {
          "color": {"mode": "palette-classic"},
          "custom": {
            "axisCenteredZero": false,
            "axisColorMode": "text",
            "axisLabel": "",
            "axisPlacement": "auto",
            "barAlignment": 0,
            "drawStyle": "line",
            "fillOpacity": 10,
            "gradientMode": "none",
            "hideFrom": {"legend": false, "tooltip": false, "viz": false},
            "lineInterpolation": "linear",
            "lineWidth": 2,
            "pointSize": 5,
            "scaleDistribution": {"type": "linear"},
            "showPoints": "never",
            "spanNulls": false,
            "stacking": {"group": "A", "mode": "none"},
            "thresholdsStyle": {"mode": "off"}
          },
          "mappings": [],
          "thresholds": {
            "mode": "absolute",
            "steps": [{"color": "green", "value": null}]
          },
          "unit": "currencyUSD"
        }
      },
      "gridPos": {"h": 8, "w": 12, "x": 0, "y": 4},
      "id": 5,
      "options": {
        "legend": {"calcs": [], "displayMode": "list", "placement": "bottom", "showLegend": true},
        "tooltip": {"mode": "single", "sort": "none"}
      },
      "title": "Portfolio Value Over Time",
      "type": "timeseries"
    },
    {
      "datasource": {
        "type": "prometheus",
        "uid": "prometheus"
      },
      "fieldConfig": {
        "defaults": {
          "color": {"mode": "palette-classic"},
          "custom": {
            "axisCenteredZero": false,
            "axisColorMode": "text",
            "axisLabel": "",
            "axisPlacement": "auto",
            "barAlignment": 0,
            "drawStyle": "bars",
            "fillOpacity": 100,
            "gradientMode": "none",
            "hideFrom": {"legend": false, "tooltip": false, "viz": false},
            "lineInterpolation": "linear",
            "lineWidth": 1,
            "pointSize": 5,
            "scaleDistribution": {"type": "linear"},
            "showPoints": "never",
            "spanNulls": false,
            "stacking": {"group": "A", "mode": "none"},
            "thresholdsStyle": {"mode": "off"}
          },
          "mappings": [],
          "thresholds": {
            "mode": "absolute",
            "steps": [{"color": "green", "value": null}]
          },
          "unit": "short"
        }
      },
      "gridPos": {"h": 8, "w": 12, "x": 12, "y": 4},
      "id": 6,
      "options": {
        "legend": {"calcs": [], "displayMode": "list", "placement": "bottom", "showLegend": true},
        "tooltip": {"mode": "single", "sort": "none"}
      },
      "title": "Signals by Strength",
      "type": "timeseries"
    },
    {
      "datasource": {
        "type": "prometheus",
        "uid": "prometheus"
      },
      "fieldConfig": {
        "defaults": {
          "color": {"mode": "thresholds"},
          "custom": {
            "align": "auto",
            "displayMode": "auto"
          },
          "mappings": [],
          "thresholds": {
            "mode": "absolute",
            "steps": [{"color": "green", "value": null}]
          }
        },
        "overrides": [
          {
            "matcher": {"id": "byName", "options": "edge"},
            "properties": [{"id": "unit", "value": "percentunit"}]
          },
          {
            "matcher": {"id": "byName", "options": "kelly"},
            "properties": [{"id": "unit", "value": "percentunit"}]
          }
        ]
      },
      "gridPos": {"h": 8, "w": 24, "x": 0, "y": 12},
      "id": 7,
      "options": {
        "footer": {"fields": "", "reducer": ["sum"], "show": false},
        "showHeader": true
      },
      "title": "Recent Actionable Signals",
      "type": "table"
    },
    {
      "datasource": {
        "type": "prometheus",
        "uid": "prometheus"
      },
      "fieldConfig": {
        "defaults": {
          "color": {"mode": "palette-classic"},
          "custom": {
            "hideFrom": {"legend": false, "tooltip": false, "viz": false}
          },
          "mappings": []
        }
      },
      "gridPos": {"h": 8, "w": 8, "x": 0, "y": 20},
      "id": 8,
      "options": {
        "legend": {"displayMode": "list", "placement": "right", "showLegend": true},
        "pieType": "pie",
        "reduceOptions": {"calcs": ["lastNotNull"], "fields": "", "values": false},
        "tooltip": {"mode": "single", "sort": "none"}
      },
      "title": "Exposure by Category",
      "type": "piechart"
    },
    {
      "datasource": {
        "type": "prometheus",
        "uid": "prometheus"
      },
      "fieldConfig": {
        "defaults": {
          "color": {"mode": "continuous-GrYlRd"},
          "mappings": [],
          "thresholds": {
            "mode": "absolute",
            "steps": [{"color": "green", "value": null}]
          },
          "unit": "none"
        }
      },
      "gridPos": {"h": 8, "w": 8, "x": 8, "y": 20},
      "id": 9,
      "options": {
        "calculate": false,
        "cellGap": 1,
        "color": {"exponent": 0.5, "fill": "dark-orange", "mode": "scheme", "reverse": false, "scale": "exponential", "scheme": "RdYlGn", "steps": 64},
        "exemplars": {"color": "rgba(255,0,255,0.7)"},
        "filterValues": {"le": 1e-9},
        "legend": {"show": true},
        "rowsFrame": {"layout": "auto"},
        "tooltip": {"show": true, "yHistogram": false},
        "yAxis": {"axisPlacement": "left", "reverse": false}
      },
      "title": "Model Calibration Heatmap",
      "type": "heatmap"
    },
    {
      "datasource": {
        "type": "prometheus",
        "uid": "prometheus"
      },
      "fieldConfig": {
        "defaults": {
          "color": {"mode": "palette-classic"},
          "custom": {
            "axisCenteredZero": false,
            "axisColorMode": "text",
            "axisLabel": "",
            "axisPlacement": "auto",
            "barAlignment": 0,
            "drawStyle": "line",
            "fillOpacity": 0,
            "gradientMode": "none",
            "hideFrom": {"legend": false, "tooltip": false, "viz": false},
            "lineInterpolation": "linear",
            "lineWidth": 1,
            "pointSize": 5,
            "scaleDistribution": {"type": "linear"},
            "showPoints": "never",
            "spanNulls": false,
            "stacking": {"group": "A", "mode": "none"},
            "thresholdsStyle": {"mode": "off"}
          },
          "mappings": [],
          "thresholds": {
            "mode": "absolute",
            "steps": [{"color": "green", "value": null}]
          },
          "unit": "none"
        }
      },
      "gridPos": {"h": 8, "w": 8, "x": 16, "y": 20},
      "id": 10,
      "options": {
        "legend": {"calcs": [], "displayMode": "list", "placement": "bottom", "showLegend": true},
        "tooltip": {"mode": "single", "sort": "none"}
      },
      "title": "Model Brier Scores Over Time",
      "type": "timeseries"
    }
  ],
  "refresh": "30s",
  "schemaVersion": 38,
  "style": "dark",
  "tags": ["polymarket", "trading"],
  "templating": {
    "list": []
  },
  "time": {
    "from": "now-7d",
    "to": "now"
  },
  "timepicker": {},
  "timezone": "browser",
  "title": "Polymarket Edge - Trading Performance",
  "uid": "polymarket-trading",
  "version": 1,
  "weekStart": ""
}
